AF;Afghanistan;Asia/Kabul
AL;Albania;Europe/Tirane
DZ;Algeria;Africa/Algiers
AS;American Samoa;Pacific/Pago_Pago
AD;Andorra;Europe/Andorra
AO;Angola;Africa/Luanda
AI;Anguilla;America/Anguilla
AQ;Antarctica;Antarctica/Casey
AG;Antigua and Barbuda;America/Antigua
AR;Argentina;America/Argentina/Buenos_Aires
AM;Armenia;Asia/Yerevan
AW;Aruba;America/Aruba
AU;Australia;Antarctica/Macquarie
AT;Austria;Europe/Vienna
AZ;Azerbaijan;Asia/Baku
BS;Bahamas;America/Nassau
BH;Bahrain;Asia/Bahrain
BD;Bangladesh;Asia/Dhaka
BB;Barbados;America/Barbados
BY;Belarus;Europe/Minsk
BE;Belgium;Europe/Brussels
BZ;Belize;America/Belize
BJ;Benin;Africa/Porto-Novo
BM;Bermuda;Atlantic/Bermuda
BT;Bhutan;Asia/Thimphu
BO;Bolivia, Plurinational State of;America/La_Paz
BQ;Bonaire, Sint Eustatius and Saba;America/Kralendijk
BA;Bosnia and Herzegovina;Europe/Sarajevo
BW;Botswana;Africa/Gaborone
BR;Brazil;America/Araguaina
IO;British Indian Ocean Territory;Indian/Chagos
BN;Brunei Darussalam;Asia/Brunei
BG;Bulgaria;Europe/Sofia
BF;Burkina Faso;Africa/Ouagadougou
BI;Burundi;Africa/Bujumbura
KH;Cambodia;Asia/Phnom_Penh
CM;Cameroon;Africa/Douala
CA;Canada;America/Atikokan
CV;Cape Verde;Atlantic/Cape_Verde
KY;Cayman Islands;America/Cayman
CF;Central African Republic;Africa/Bangui
TD;Chad;Africa/Ndjamena
CL;Chile;America/Punta_Arenas
CN;China;Asia/Shanghai
CX;Christmas Island;Indian/Christmas
CC;Cocos (Keeling) Islands;Indian/Cocos
CO;Colombia;America/Bogota
KM;Comoros;Indian/Comoro
CG;Congo;Africa/Brazzaville
CD;Congo, the Democratic Republic of the;Africa/Kinshasa
CK;Cook Islands;Pacific/Rarotonga
CR;Costa Rica;America/Costa_Rica
HR;Croatia;Europe/Zagreb
CU;Cuba;America/Havana
CW;Curaçao;America/Curacao
CY;Cyprus;Asia/Famagusta
CZ;Czech Republic;Europe/Prague
CI;Côte d'Ivoire;Africa/Abidjan
DK;Denmark;Europe/Copenhagen
DJ;Djibouti;Africa/Djibouti
DM;Dominica;America/Dominica
DO;Dominican Republic;America/Santo_Domingo
EC;Ecuador;America/Guayaquil
EG;Egypt;Africa/Cairo
SV;El Salvador;America/El_Salvador
GQ;Equatorial Guinea;Africa/Malabo
ER;Eritrea;Africa/Asmara
EE;Estonia;Europe/Tallinn
ET;Ethiopia;Africa/Addis_Ababa
FK;Falkland Islands (Malvinas);Atlantic/Stanley
FO;Faroe Islands;Atlantic/Faroe
FJ;Fiji;Pacific/Fiji
FI;Finland;Europe/Helsinki
FR;France;Europe/Paris
GF;French Guiana;America/Cayenne
PF;French Polynesia;Pacific/Gambier
TF;French Southern Territories;Indian/Kerguelen
GA;Gabon;Africa/Libreville
GM;Gambia;Africa/Banjul
GE;Georgia;Asia/Tbilisi
DE;Germany;Europe/Berlin
GH;Ghana;Africa/Accra
GI;Gibraltar;Europe/Gibraltar
GR;Greece;Europe/Athens
GL;Greenland;America/Danmarkshavn
GD;Grenada;America/Grenada
GP;Guadeloupe;America/Guadeloupe
GU;Guam;Pacific/Guam
GT;Guatemala;America/Guatemala
GG;Guernsey;Europe/Guernsey
GN;Guinea;Africa/Conakry
GW;Guinea-Bissau;Africa/Bissau
GY;Guyana;America/Guyana
HT;Haiti;America/Port-au-Prince
VA;Holy See (Vatican City State);Europe/Vatican
HN;Honduras;America/Tegucigalpa
HK;Hong Kong;Asia/Hong_Kong
HU;Hungary;Europe/Budapest
IS;Iceland;Atlantic/Reykjavik
IN;India;Asia/Kolkata
ID;Indonesia;Asia/Jakarta
IR;Iran, Islamic Republic of;Asia/Tehran
IQ;Iraq;Asia/Baghdad
IE;Ireland;Europe/Dublin
IM;Isle of Man;Europe/Isle_of_Man
IL;Israel;Asia/Jerusalem
IT;Italy;Europe/Rome
JM;Jamaica;America/Jamaica
JP;Japan;Asia/Tokyo
JE;Jersey;Europe/Jersey
JO;Jordan;Asia/Amman
KZ;Kazakhstan;Asia/Almaty
KE;Kenya;Africa/Nairobi
KI;Kiribati;Pacific/Kanton
KP;Korea, Democratic People's Republic of;Asia/Pyongyang
KR;Korea, Republic of;Asia/Seoul
KW;Kuwait;Asia/Kuwait
KG;Kyrgyzstan;Asia/Bishkek
LA;Lao People's Democratic Republic;Asia/Vientiane
LV;Latvia;Europe/Riga
LB;Lebanon;Asia/Beirut
LS;Lesotho;Africa/Maseru
LR;Liberia;Africa/Monrovia
LY;Libya;Africa/Tripoli
LI;Liechtenstein;Europe/Vaduz
LT;Lithuania;Europe/Vilnius
LU;Luxembourg;Europe/Luxembourg
MO;Macao;Asia/Macau
MK;Macedonia, the Former Yugoslav Republic of;Europe/Skopje
MG;Madagascar;Indian/Antananarivo
MW;Malawi;Africa/Blantyre
MY;Malaysia;Asia/Kuala_Lumpur
MV;Maldives;Indian/Maldives
ML;Mali;Africa/Bamako
MT;Malta;Europe/Malta
MH;Marshall Islands;Pacific/Kwajalein
MQ;Martinique;America/Martinique
MR;Mauritania;Africa/Nouakchott
MU;Mauritius;Indian/Mauritius
YT;Mayotte;Indian/Mayotte
MX;Mexico;America/Bahia_Banderas
FM;Micronesia, Federated States of;Pacific/Chuuk
MD;Moldova, Republic of;Europe/Chisinau
MC;Monaco;Europe/Monaco
MN;Mongolia;Asia/Choibalsan
ME;Montenegro;Europe/Podgorica
MS;Montserrat;America/Montserrat
MA;Morocco;Africa/Casablanca
MZ;Mozambique;Africa/Maputo
MM;Myanmar;Asia/Yangon
NA;Namibia;Africa/Windhoek
NR;Nauru;Pacific/Nauru
NP;Nepal;Asia/Kathmandu
NL;Netherlands;Europe/Amsterdam
NC;New Caledonia;Pacific/Noumea
NZ;New Zealand;Pacific/Auckland
NI;Nicaragua;America/Managua
NE;Niger;Africa/Niamey
NG;Nigeria;Africa/Lagos
NU;Niue;Pacific/Niue
NF;Norfolk Island;Pacific/Norfolk
MP;Northern Mariana Islands;Pacific/Saipan
NO;Norway;Europe/Oslo
OM;Oman;Asia/Muscat
PK;Pakistan;Asia/Karachi
PW;Palau;Pacific/Palau
PS;Palestine, State of;Asia/Gaza
PA;Panama;America/Panama
PG;Papua New Guinea;Pacific/Bougainville
PY;Paraguay;America/Asuncion
PE;Peru;America/Lima
PH;Philippines;Asia/Manila
PN;Pitcairn;Pacific/Pitcairn
PL;Poland;Europe/Warsaw
PT;Portugal;Atlantic/Azores
PR;Puerto Rico;America/Puerto_Rico
QA;Qatar;Asia/Qatar
RO;Romania;Europe/Bucharest
RU;Russian Federation;Asia/Anadyr
RW;Rwanda;Africa/Kigali
RE;Réunion;Indian/Reunion
BL;Saint Barthélemy;America/St_Barthelemy
SH;Saint Helena, Ascension and Tristan da Cunha;Atlantic/St_Helena
KN;Saint Kitts and Nevis;America/St_Kitts
LC;Saint Lucia;America/St_Lucia
MF;Saint Martin (French part);America/Marigot
PM;Saint Pierre and Miquelon;America/Miquelon
VC;Saint Vincent and the Grenadines;America/St_Vincent
WS;Samoa;Pacific/Apia
SM;San Marino;Europe/San_Marino
ST;Sao Tome and Principe;Africa/Sao_Tome
SA;Saudi Arabia;Asia/Riyadh
SN;Senegal;Africa/Dakar
RS;Serbia;Europe/Belgrade
SC;Seychelles;Indian/Mahe
SL;Sierra Leone;Africa/Freetown
SG;Singapore;Asia/Singapore
SX;Sint Maarten (Dutch part);America/Lower_Princes
SK;Slovakia;Europe/Bratislava
SI;Slovenia;Europe/Ljubljana
SB;Solomon Islands;Pacific/Guadalcanal
SO;Somalia;Africa/Mogadishu
ZA;South Africa;Africa/Johannesburg
GS;South Georgia and the South Sandwich Islands;Atlantic/South_Georgia
SS;South Sudan;Africa/Juba
ES;Spain;Africa/Ceuta
LK;Sri Lanka;Asia/Colombo
SD;Sudan;Africa/Khartoum
SR;Suriname;America/Paramaribo
SJ;Svalbard and Jan Mayen;Arctic/Longyearbyen
SZ;Swaziland;Africa/Mbabane
SE;Sweden;Europe/Stockholm
CH;Switzerland;Europe/Zurich
SY;Syrian Arab Republic;Asia/Damascus
TW;Taiwan, Province of China;Asia/Taipei
TJ;Tajikistan;Asia/Dushanbe
TZ;Tanzania, United Republic of;Africa/Dar_es_Salaam
TH;Thailand;Asia/Bangkok
TL;Timor-Leste;Asia/Dili
TG;Togo;Africa/Lome
TK;Tokelau;Pacific/Fakaofo
TO;Tonga;Pacific/Tongatapu
TT;Trinidad and Tobago;America/Port_of_Spain
TN;Tunisia;Africa/Tunis
TR;Turkey;Europe/Istanbul
TM;Turkmenistan;Asia/Ashgabat
TC;Turks and Caicos Islands;America/Grand_Turk
TV;Tuvalu;Pacific/Funafuti
UG;Uganda;Africa/Kampala
UA;Ukraine;Europe/Kyiv
AE;United Arab Emirates;Asia/Dubai
GB;United Kingdom;Europe/London
US;United States;America/Adak
UM;United States Minor Outlying Islands;Pacific/Midway
UY;Uruguay;America/Montevideo
UZ;Uzbekistan;Asia/Samarkand
VU;Vanuatu;Pacific/Efate
VE;Venezuela, Bolivarian Republic of;America/Caracas
VN;Viet Nam;Asia/Ho_Chi_Minh
VG;Virgin Islands, British;America/Tortola
VI;Virgin Islands, U.S.;America/St_Thomas
WF;Wallis and Futuna;Pacific/Wallis
YE;Yemen;Asia/Aden
ZM;Zambia;Africa/Lusaka
ZW;Zimbabwe;Africa/Harare
AX;Åland Islands;Europe/Mariehamn
